id;idversion;refversion;libelle;date;fichier;idtypeterminal_id
1;51903;Licensed IB;Berkshire New Jersey;2020-06-17T14:33:47;Credit Card Account solid state West Virginia;1
2;65559;ivory convergence indexing;global Macedonia world-class;2020-06-17T12:35:51;yellow;2
3;44901;Israel online payment;Gorgeous invoice Solutions;2020-06-17T14:57:12;Checking Account Plastic copying;3
4;14490;Square;panel auxiliary;2020-06-17T04:16:39;Paradigm Refined;4
5;5839;lime invoice;input support Saudi Arabia;2020-06-17T09:55:50;bypassing;5
6;4024;driver;compressing demand-driven;2020-06-17T18:19:11;input Rustic RSS;6
7;44334;Bangladesh Chips;Bedfordshire;2020-06-17T13:11:27;programming functionalities Implementation;7
8;26306;sky blue communities budgetary management;Personal Loan Account;2020-06-17T04:53:47;Heard Island and McDonald Islands high-level;8
9;43396;Sports Technician Orchard;California;2020-06-17T13:53:32;orchestration Brazilian Real Health;9
10;4688;hack Personal Loan Account;Liaison;2020-06-17T12:08:13;Cross-group Balboa US Dollar maximize;10
